1,1,1.0,1
1,2,1.0,1
1,3,3.0,3
1,4,3.0,3
1,5,3.0,3
1,6,5.0,5
1,7,5.0,5
1,8,5.0,5
1,9,7.0,7
1,10,7.0,7
1,11,7.0,7
1,12,9.0,9
1,13,9.0,9
1,14,9.0,9
1,15,11.0,11
1,16,11.0,11
1,17,13.0,13
1,18,13.0,13
1,19,13.0,13
1,20,15.0,15
1,21,15.0,15
1,22,15.0,15
1,23,17.0,17
1,24,17.0,17
1,25,17.0,17
1,26,19.0,19
1,27,19.0,19
1,28,19.0,19
1,29,21.0,21
1,30,21.0,21
1,31,21.0,21
1,32,23.0,23
1,33,23.0,23
1,34,25.0,25
1,35,25.0,25
1,36,25.0,25
1,37,27.0,27
1,38,27.0,27
1,39,27.0,27
1,40,29.0,29
1,41,29.0,29
1,42,29.0,29
1,43,31.0,31
1,44,31.0,31
1,45,31.0,31
1,46,33.0,33
1,47,33.0,33
1,48,33.0,33
1,49,35.0,35
1,50,35.0,35
2,1,1.0,1
2,2,1.0,5
2,3,3.0,7
2,4,3.0,7
2,5,3.0,11
2,6,5.0,13
2,7,5.0,13
2,8,5.0,17
2,9,7.0,19
2,10,7.0,23
2,11,7.0,23
2,12,9.0,25
2,13,9.0,29
2,14,9.0,29
2,15,11.0,31
2,16,11.0,35
2,17,13.0,37
2,18,13.0,37
2,19,13.0,41
2,20,15.0,43
2,21,15.0,43
2,22,15.0,47
2,23,17.0,49
2,24,17.0,49
2,25,17.0,53
2,26,19.0,55
2,27,19.0,59
2,28,19.0,59
2,29,21.0,61
2,30,21.0,65
2,31,21.0,65
2,32,23.0,67
2,33,23.0,71
2,34,25.0,73
2,35,25.0,73
2,36,25.0,77
2,37,27.0,79
2,38,27.0,79
2,39,27.0,83
2,40,29.0,85
2,41,29.0,85
2,42,29.0,89
2,43,31.0,91
2,44,31.0,95
2,45,31.0,95
2,46,33.0,97
2,47,33.0,101
2,48,33.0,101
2,49,35.0,103
2,50,35.0,107
3,1,3.0,3
3,2,3.0,7
3,3,13.0,13
3,4,13.0,13
3,5,13.0,17
3,6,23.0,23
3,7,23.0,23
3,8,23.0,27
3,9,33.0,33
3,10,33.0,37
3,11,33.0,37
3,12,43.0,43
3,13,43.0,47
3,14,43.0,47
3,15,53.0,53
3,16,53.0,57
3,17,63.0,63
3,18,63.0,63
3,19,63.0,67
3,20,73.0,73
3,21,73.0,73
3,22,73.0,77
3,23,83.0,83
3,24,83.0,83
3,25,83.0,87
3,26,93.0,93
3,27,93.0,97
3,28,93.0,97
3,29,103.0,103
3,30,103.0,107
3,31,103.0,107
3,32,113.0,113
3,33,113.0,117
3,34,123.0,123
3,35,123.0,123
3,36,123.0,127
3,37,133.0,133
3,38,133.0,133
3,39,133.0,137
3,40,143.0,143
3,41,143.0,143
3,42,143.0,147
3,43,153.0,153
3,44,153.0,157
3,45,153.0,157
3,46,163.0,163
3,47,163.0,167
3,48,163.0,167
3,49,173.0,173
3,50,173.0,177
4,1,3.0,3
4,2,3.0,7
4,3,13.0,13
4,4,13.0,13
4,5,13.0,17
4,6,23.0,23
4,7,23.0,23
4,8,23.0,27
4,9,33.0,33
4,10,33.0,37
4,11,33.0,37
4,12,43.0,43
4,13,43.0,47
4,14,43.0,47
4,15,53.0,53
4,16,53.0,57
4,17,63.0,63
4,18,63.0,63
4,19,63.0,67
4,20,73.0,73
4,21,73.0,73
4,22,73.0,77
4,23,83.0,83
4,24,83.0,83
4,25,83.0,87
4,26,93.0,93
4,27,93.0,97
4,28,93.0,97
4,29,103.0,103
4,30,103.0,107
4,31,103.0,107
4,32,113.0,113
4,33,113.0,117
4,34,123.0,123
4,35,123.0,123
4,36,123.0,127
4,37,133.0,133
4,38,133.0,133
4,39,133.0,137
4,40,143.0,143
4,41,143.0,143
4,42,143.0,147
4,43,153.0,153
4,44,153.0,157
4,45,153.0,157
4,46,163.0,163
4,47,163.0,167
4,48,163.0,167
4,49,173.0,173
4,50,173.0,177
5,1,3.0,3
5,2,3.0,11
5,3,13.0,17
5,4,13.0,17
5,5,13.0,25
5,6,23.0,31
5,7,23.0,31
5,8,23.0,39
5,9,33.0,45
5,10,33.0,53
5,11,33.0,53
5,12,43.0,59
5,13,43.0,67
5,14,43.0,67
5,15,53.0,73
5,16,53.0,81
5,17,63.0,87
5,18,63.0,87
5,19,63.0,95
5,20,73.0,101
5,21,73.0,101
5,22,73.0,109
5,23,83.0,115
5,24,83.0,115
5,25,83.0,123
5,26,93.0,129
5,27,93.0,137
5,28,93.0,137
5,29,103.0,143
5,30,103.0,151
5,31,103.0,151
5,32,113.0,157
5,33,113.0,165
5,34,123.0,171
5,35,123.0,171
5,36,123.0,179
5,37,133.0,185
5,38,133.0,185
5,39,133.0,193
5,40,143.0,199
5,41,143.0,199
5,42,143.0,207
5,43,153.0,213
5,44,153.0,221
5,45,153.0,221
5,46,163.0,227
5,47,163.0,235
5,48,163.0,235
5,49,173.0,241
5,50,173.0,249
6,1,5.0,5
6,2,5.0,13
6,3,23.0,23
6,4,23.0,23
6,5,23.0,31
6,6,41.0,41
6,7,41.0,41
6,8,41.0,49
6,9,59.0,59
6,10,59.0,67
6,11,59.0,67
6,12,77.0,77
6,13,77.0,85
6,14,77.0,85
6,15,95.0,95
6,16,95.0,103
6,17,113.0,113
6,18,113.0,113
6,19,113.0,121
6,20,131.0,131
6,21,131.0,131
6,22,131.0,139
6,23,149.0,149
6,24,149.0,149
6,25,149.0,157
6,26,167.0,167
6,27,167.0,175
6,28,167.0,175
6,29,185.0,185
6,30,185.0,193
6,31,185.0,193
6,32,203.0,203
6,33,203.0,211
6,34,221.0,221
6,35,221.0,221
6,36,221.0,229
6,37,239.0,239
6,38,239.0,239
6,39,239.0,247
6,40,257.0,257
6,41,257.0,257
6,42,257.0,265
6,43,275.0,275
6,44,275.0,283
6,45,275.0,283
6,46,293.0,293
6,47,293.0,301
6,48,293.0,301
6,49,311.0,311
6,50,311.0,319
7,1,5.0,5
7,2,5.0,13
7,3,23.0,23
7,4,23.0,23
7,5,23.0,31
7,6,41.0,41
7,7,41.0,41
7,8,41.0,49
7,9,59.0,59
7,10,59.0,67
7,11,59.0,67
7,12,77.0,77
7,13,77.0,85
7,14,77.0,85
7,15,95.0,95
7,16,95.0,103
7,17,113.0,113
7,18,113.0,113
7,19,113.0,121
7,20,131.0,131
7,21,131.0,131
7,22,131.0,139
7,23,149.0,149
7,24,149.0,149
7,25,149.0,157
7,26,167.0,167
7,27,167.0,175
7,28,167.0,175
7,29,185.0,185
7,30,185.0,193
7,31,185.0,193
7,32,203.0,203
7,33,203.0,211
7,34,221.0,221
7,35,221.0,221
7,36,221.0,229
7,37,239.0,239
7,38,239.0,239
7,39,239.0,247
7,40,257.0,257
7,41,257.0,257
7,42,257.0,265
7,43,275.0,275
7,44,275.0,283
7,45,275.0,283
7,46,293.0,293
7,47,293.0,301
7,48,293.0,301
7,49,311.0,311
7,50,311.0,319
8,1,5.0,5
8,2,5.0,17
8,3,23.0,27
8,4,23.0,27
8,5,23.0,39
8,6,41.0,49
8,7,41.0,49
8,8,41.0,61
8,9,59.0,71
8,10,59.0,83
8,11,59.0,83
8,12,77.0,93
8,13,77.0,105
8,14,77.0,105
8,15,95.0,115
8,16,95.0,127
8,17,113.0,137
8,18,113.0,137
8,19,113.0,149
8,20,131.0,159
8,21,131.0,159
8,22,131.0,171
8,23,149.0,181
8,24,149.0,181
8,25,149.0,193
8,26,167.0,203
8,27,167.0,215
8,28,167.0,215
8,29,185.0,225
8,30,185.0,237
8,31,185.0,237
8,32,203.0,247
8,33,203.0,259
8,34,221.0,269
8,35,221.0,269
8,36,221.0,281
8,37,239.0,291
8,38,239.0,291
8,39,239.0,303
8,40,257.0,313
8,41,257.0,313
8,42,257.0,325
8,43,275.0,335
8,44,275.0,347
8,45,275.0,347
8,46,293.0,357
8,47,293.0,369
8,48,293.0,369
8,49,311.0,379
8,50,311.0,391
9,1,7.0,7
9,2,7.0,19
9,3,33.0,33
9,4,33.0,33
9,5,33.0,45
9,6,59.0,59
9,7,59.0,59
9,8,59.0,71
9,9,85.0,85
9,10,85.0,97
9,11,85.0,97
9,12,111.0,111
9,13,111.0,123
9,14,111.0,123
9,15,137.0,137
9,16,137.0,149
9,17,163.0,163
9,18,163.0,163
9,19,163.0,175
9,20,189.0,189
9,21,189.0,189
9,22,189.0,201
9,23,215.0,215
9,24,215.0,215
9,25,215.0,227
9,26,241.0,241
9,27,241.0,253
9,28,241.0,253
9,29,267.0,267
9,30,267.0,279
9,31,267.0,279
9,32,293.0,293
9,33,293.0,305
9,34,319.0,319
9,35,319.0,319
9,36,319.0,331
9,37,345.0,345
9,38,345.0,345
9,39,345.0,357
9,40,371.0,371
9,41,371.0,371
9,42,371.0,383
9,43,397.0,397
9,44,397.0,409
9,45,397.0,409
9,46,423.0,423
9,47,423.0,435
9,48,423.0,435
9,49,449.0,449
9,50,449.0,461
10,1,7.0,7
10,2,7.0,23
10,3,33.0,37
10,4,33.0,37
10,5,33.0,53
10,6,59.0,67
10,7,59.0,67
10,8,59.0,83
10,9,85.0,97
10,10,85.0,113
10,11,85.0,113
10,12,111.0,127
10,13,111.0,143
10,14,111.0,143
10,15,137.0,157
10,16,137.0,173
10,17,163.0,187
10,18,163.0,187
10,19,163.0,203
10,20,189.0,217
10,21,189.0,217
10,22,189.0,233
10,23,215.0,247
10,24,215.0,247
10,25,215.0,263
10,26,241.0,277
10,27,241.0,293
10,28,241.0,293
10,29,267.0,307
10,30,267.0,323
10,31,267.0,323
10,32,293.0,337
10,33,293.0,353
10,34,319.0,367
10,35,319.0,367
10,36,319.0,383
10,37,345.0,397
10,38,345.0,397
10,39,345.0,413
10,40,371.0,427
10,41,371.0,427
10,42,371.0,443
10,43,397.0,457
10,44,397.0,473
10,45,397.0,473
10,46,423.0,487
10,47,423.0,503
10,48,423.0,503
10,49,449.0,517
10,50,449.0,533
11,1,7.0,7
11,2,7.0,23
11,3,33.0,37
11,4,33.0,37
11,5,33.0,53
11,6,59.0,67
11,7,59.0,67
11,8,59.0,83
11,9,85.0,97
11,10,85.0,113
11,11,85.0,113
11,12,111.0,127
11,13,111.0,143
11,14,111.0,143
11,15,137.0,157
11,16,137.0,173
11,17,163.0,187
11,18,163.0,187
11,19,163.0,203
11,20,189.0,217
11,21,189.0,217
11,22,189.0,233
11,23,215.0,247
11,24,215.0,247
11,25,215.0,263
11,26,241.0,277
11,27,241.0,293
11,28,241.0,293
11,29,267.0,307
11,30,267.0,323
11,31,267.0,323
11,32,293.0,337
11,33,293.0,353
11,34,319.0,367
11,35,319.0,367
11,36,319.0,383
11,37,345.0,397
11,38,345.0,397
11,39,345.0,413
11,40,371.0,427
11,41,371.0,427
11,42,371.0,443
11,43,397.0,457
11,44,397.0,473
11,45,397.0,473
11,46,423.0,487
11,47,423.0,503
11,48,423.0,503
11,49,449.0,517
11,50,449.0,533
12,1,9.0,9
12,2,9.0,25
12,3,43.0,43
12,4,43.0,43
12,5,43.0,59
12,6,77.0,77
12,7,77.0,77
12,8,77.0,93
12,9,111.0,111
12,10,111.0,127
12,11,111.0,127
12,12,145.0,145
12,13,145.0,161
12,14,145.0,161
12,15,179.0,179
12,16,179.0,195
12,17,213.0,213
12,18,213.0,213
12,19,213.0,229
12,20,247.0,247
12,21,247.0,247
12,22,247.0,263
12,23,281.0,281
12,24,281.0,281
12,25,281.0,297
12,26,315.0,315
12,27,315.0,331
12,28,315.0,331
12,29,349.0,349
12,30,349.0,365
12,31,349.0,365
12,32,383.0,383
12,33,383.0,399
12,34,417.0,417
12,35,417.0,417
12,36,417.0,433
12,37,451.0,451
12,38,451.0,451
12,39,451.0,467
12,40,485.0,485
12,41,485.0,485
12,42,485.0,501
12,43,519.0,519
12,44,519.0,535
12,45,519.0,535
12,46,553.0,553
12,47,553.0,569
12,48,553.0,569
12,49,587.0,587
12,50,587.0,603
13,1,9.0,9
13,2,9.0,29
13,3,43.0,47
13,4,43.0,47
13,5,43.0,67
13,6,77.0,85
13,7,77.0,85
13,8,77.0,105
13,9,111.0,123
13,10,111.0,143
13,11,111.0,143
13,12,145.0,161
13,13,145.0,181
13,14,145.0,181
13,15,179.0,199
13,16,179.0,219
13,17,213.0,237
13,18,213.0,237
13,19,213.0,257
13,20,247.0,275
13,21,247.0,275
13,22,247.0,295
13,23,281.0,313
13,24,281.0,313
13,25,281.0,333
13,26,315.0,351
13,27,315.0,371
13,28,315.0,371
13,29,349.0,389
13,30,349.0,409
13,31,349.0,409
13,32,383.0,427
13,33,383.0,447
13,34,417.0,465
13,35,417.0,465
13,36,417.0,485
13,37,451.0,503
13,38,451.0,503
13,39,451.0,523
13,40,485.0,541
13,41,485.0,541
13,42,485.0,561
13,43,519.0,579
13,44,519.0,599
13,45,519.0,599
13,46,553.0,617
13,47,553.0,637
13,48,553.0,637
13,49,587.0,655
13,50,587.0,675
14,1,9.0,9
14,2,9.0,29
14,3,43.0,47
14,4,43.0,47
14,5,43.0,67
14,6,77.0,85
14,7,77.0,85
14,8,77.0,105
14,9,111.0,123
14,10,111.0,143
14,11,111.0,143
14,12,145.0,161
14,13,145.0,181
14,14,145.0,181
14,15,179.0,199
14,16,179.0,219
14,17,213.0,237
14,18,213.0,237
14,19,213.0,257
14,20,247.0,275
14,21,247.0,275
14,22,247.0,295
14,23,281.0,313
14,24,281.0,313
14,25,281.0,333
14,26,315.0,351
14,27,315.0,371
14,28,315.0,371
14,29,349.0,389
14,30,349.0,409
14,31,349.0,409
14,32,383.0,427
14,33,383.0,447
14,34,417.0,465
14,35,417.0,465
14,36,417.0,485
14,37,451.0,503
14,38,451.0,503
14,39,451.0,523
14,40,485.0,541
14,41,485.0,541
14,42,485.0,561
14,43,519.0,579
14,44,519.0,599
14,45,519.0,599
14,46,553.0,617
14,47,553.0,637
14,48,553.0,637
14,49,587.0,655
14,50,587.0,675
15,1,11.0,11
15,2,11.0,31
15,3,53.0,53
15,4,53.0,53
15,5,53.0,73
15,6,95.0,95
15,7,95.0,95
15,8,95.0,115
15,9,137.0,137
15,10,137.0,157
15,11,137.0,157
15,12,179.0,179
15,13,179.0,199
15,14,179.0,199
15,15,221.0,221
15,16,221.0,241
15,17,263.0,263
15,18,263.0,263
15,19,263.0,283
15,20,305.0,305
15,21,305.0,305
15,22,305.0,325
15,23,347.0,347
15,24,347.0,347
15,25,347.0,367
15,26,389.0,389
15,27,389.0,409
15,28,389.0,409
15,29,431.0,431
15,30,431.0,451
15,31,431.0,451
15,32,473.0,473
15,33,473.0,493
15,34,515.0,515
15,35,515.0,515
15,36,515.0,535
15,37,557.0,557
15,38,557.0,557
15,39,557.0,577
15,40,599.0,599
15,41,599.0,599
15,42,599.0,619
15,43,641.0,641
15,44,641.0,661
15,45,641.0,661
15,46,683.0,683
15,47,683.0,703
15,48,683.0,703
15,49,725.0,725
15,50,725.0,745
16,1,11.0,11
16,2,11.0,35
16,3,53.0,57
16,4,53.0,57
16,5,53.0,81
16,6,95.0,103
16,7,95.0,103
16,8,95.0,127
16,9,137.0,149
16,10,137.0,173
16,11,137.0,173
16,12,179.0,195
16,13,179.0,219
16,14,179.0,219
16,15,221.0,241
16,16,221.0,265
16,17,263.0,287
16,18,263.0,287
16,19,263.0,311
16,20,305.0,333
16,21,305.0,333
16,22,305.0,357
16,23,347.0,379
16,24,347.0,379
16,25,347.0,403
16,26,389.0,425
16,27,389.0,449
16,28,389.0,449
16,29,431.0,471
16,30,431.0,495
16,31,431.0,495
16,32,473.0,517
16,33,473.0,541
16,34,515.0,563
16,35,515.0,563
16,36,515.0,587
16,37,557.0,609
16,38,557.0,609
16,39,557.0,633
16,40,599.0,655
16,41,599.0,655
16,42,599.0,679
16,43,641.0,701
16,44,641.0,725
16,45,641.0,725
16,46,683.0,747
16,47,683.0,771
16,48,683.0,771
16,49,725.0,793
16,50,725.0,817
17,1,13.0,13
17,2,13.0,37
17,3,63.0,63
17,4,63.0,63
17,5,63.0,87
17,6,113.0,113
17,7,113.0,113
17,8,113.0,137
17,9,163.0,163
17,10,163.0,187
17,11,163.0,187
17,12,213.0,213
17,13,213.0,237
17,14,213.0,237
17,15,263.0,263
17,16,263.0,287
17,17,313.0,313
17,18,313.0,313
17,19,313.0,337
17,20,363.0,363
17,21,363.0,363
17,22,363.0,387
17,23,413.0,413
17,24,413.0,413
17,25,413.0,437
17,26,463.0,463
17,27,463.0,487
17,28,463.0,487
17,29,513.0,513
17,30,513.0,537
17,31,513.0,537
17,32,563.0,563
17,33,563.0,587
17,34,613.0,613
17,35,613.0,613
17,36,613.0,637
17,37,663.0,663
17,38,663.0,663
17,39,663.0,687
17,40,713.0,713
17,41,713.0,713
17,42,713.0,737
17,43,763.0,763
17,44,763.0,787
17,45,763.0,787
17,46,813.0,813
17,47,813.0,837
17,48,813.0,837
17,49,863.0,863
17,50,863.0,887
18,1,13.0,13
18,2,13.0,37
18,3,63.0,63
18,4,63.0,63
18,5,63.0,87
18,6,113.0,113
18,7,113.0,113
18,8,113.0,137
18,9,163.0,163
18,10,163.0,187
18,11,163.0,187
18,12,213.0,213
18,13,213.0,237
18,14,213.0,237
18,15,263.0,263
18,16,263.0,287
18,17,313.0,313
18,18,313.0,313
18,19,313.0,337
18,20,363.0,363
18,21,363.0,363
18,22,363.0,387
18,23,413.0,413
18,24,413.0,413
18,25,413.0,437
18,26,463.0,463
18,27,463.0,487
18,28,463.0,487
18,29,513.0,513
18,30,513.0,537
18,31,513.0,537
18,32,563.0,563
18,33,563.0,587
18,34,613.0,613
18,35,613.0,613
18,36,613.0,637
18,37,663.0,663
18,38,663.0,663
18,39,663.0,687
18,40,713.0,713
18,41,713.0,713
18,42,713.0,737
18,43,763.0,763
18,44,763.0,787
18,45,763.0,787
18,46,813.0,813
18,47,813.0,837
18,48,813.0,837
18,49,863.0,863
18,50,863.0,887
19,1,13.0,13
19,2,13.0,41
19,3,63.0,67
19,4,63.0,67
19,5,63.0,95
19,6,113.0,121
19,7,113.0,121
19,8,113.0,149
19,9,163.0,175
19,10,163.0,203
19,11,163.0,203
19,12,213.0,229
19,13,213.0,257
19,14,213.0,257
19,15,263.0,283
19,16,263.0,311
19,17,313.0,337
19,18,313.0,337
19,19,313.0,365
19,20,363.0,391
19,21,363.0,391
19,22,363.0,419
19,23,413.0,445
19,24,413.0,445
19,25,413.0,473
19,26,463.0,499
19,27,463.0,527
19,28,463.0,527
19,29,513.0,553
19,30,513.0,581
19,31,513.0,581
19,32,563.0,607
19,33,563.0,635
19,34,613.0,661
19,35,613.0,661
19,36,613.0,689
19,37,663.0,715
19,38,663.0,715
19,39,663.0,743
19,40,713.0,769
19,41,713.0,769
19,42,713.0,797
19,43,763.0,823
19,44,763.0,851
19,45,763.0,851
19,46,813.0,877
19,47,813.0,905
19,48,813.0,905
19,49,863.0,931
19,50,863.0,959
20,1,15.0,15
20,2,15.0,43
20,3,73.0,73
20,4,73.0,73
20,5,73.0,101
20,6,131.0,131
20,7,131.0,131
20,8,131.0,159
20,9,189.0,189
20,10,189.0,217
20,11,189.0,217
20,12,247.0,247
20,13,247.0,275
20,14,247.0,275
20,15,305.0,305
20,16,305.0,333
20,17,363.0,363
20,18,363.0,363
20,19,363.0,391
20,20,421.0,421
20,21,421.0,421
20,22,421.0,449
20,23,479.0,479
20,24,479.0,479
20,25,479.0,507
20,26,537.0,537
20,27,537.0,565
20,28,537.0,565
20,29,595.0,595
20,30,595.0,623
20,31,595.0,623
20,32,653.0,653
20,33,653.0,681
20,34,711.0,711
20,35,711.0,711
20,36,711.0,739
20,37,769.0,769
20,38,769.0,769
20,39,769.0,797
20,40,827.0,827
20,41,827.0,827
20,42,827.0,855
20,43,885.0,885
20,44,885.0,913
20,45,885.0,913
20,46,943.0,943
20,47,943.0,971
20,48,943.0,971
20,49,1001.0,1001
20,50,1001.0,1029
21,1,15.0,15
21,2,15.0,43
21,3,73.0,73
21,4,73.0,73
21,5,73.0,101
21,6,131.0,131
21,7,131.0,131
21,8,131.0,159
21,9,189.0,189
21,10,189.0,217
21,11,189.0,217
21,12,247.0,247
21,13,247.0,275
21,14,247.0,275
21,15,305.0,305
21,16,305.0,333
21,17,363.0,363
21,18,363.0,363
21,19,363.0,391
21,20,421.0,421
21,21,421.0,421
21,22,421.0,449
21,23,479.0,479
21,24,479.0,479
21,25,479.0,507
21,26,537.0,537
21,27,537.0,565
21,28,537.0,565
21,29,595.0,595
21,30,595.0,623
21,31,595.0,623
21,32,653.0,653
21,33,653.0,681
21,34,711.0,711
21,35,711.0,711
21,36,711.0,739
21,37,769.0,769
21,38,769.0,769
21,39,769.0,797
21,40,827.0,827
21,41,827.0,827
21,42,827.0,855
21,43,885.0,885
21,44,885.0,913
21,45,885.0,913
21,46,943.0,943
21,47,943.0,971
21,48,943.0,971
21,49,1001.0,1001
21,50,1001.0,1029
22,1,15.0,15
22,2,15.0,47
22,3,73.0,77
22,4,73.0,77
22,5,73.0,109
22,6,131.0,139
22,7,131.0,139
22,8,131.0,171
22,9,189.0,201
22,10,189.0,233
22,11,189.0,233
22,12,247.0,263
22,13,247.0,295
22,14,247.0,295
22,15,305.0,325
22,16,305.0,357
22,17,363.0,387
22,18,363.0,387
22,19,363.0,419
22,20,421.0,449
22,21,421.0,449
22,22,421.0,481
22,23,479.0,511
22,24,479.0,511
22,25,479.0,543
22,26,537.0,573
22,27,537.0,605
22,28,537.0,605
22,29,595.0,635
22,30,595.0,667
22,31,595.0,667
22,32,653.0,697
22,33,653.0,729
22,34,711.0,759
22,35,711.0,759
22,36,711.0,791
22,37,769.0,821
22,38,769.0,821
22,39,769.0,853
22,40,827.0,883
22,41,827.0,883
22,42,827.0,915
22,43,885.0,945
22,44,885.0,977
22,45,885.0,977
22,46,943.0,1007
22,47,943.0,1039
22,48,943.0,1039
22,49,1001.0,1069
22,50,1001.0,1101
23,1,17.0,17
23,2,17.0,49
23,3,83.0,83
23,4,83.0,83
23,5,83.0,115
23,6,149.0,149
23,7,149.0,149
23,8,149.0,181
23,9,215.0,215
23,10,215.0,247
23,11,215.0,247
23,12,281.0,281
23,13,281.0,313
23,14,281.0,313
23,15,347.0,347
23,16,347.0,379
23,17,413.0,413
23,18,413.0,413
23,19,413.0,445
23,20,479.0,479
23,21,479.0,479
23,22,479.0,511
23,23,545.0,545
23,24,545.0,545
23,25,545.0,577
23,26,611.0,611
23,27,611.0,643
23,28,611.0,643
23,29,677.0,677
23,30,677.0,709
23,31,677.0,709
23,32,743.0,743
23,33,743.0,775
23,34,809.0,809
23,35,809.0,809
23,36,809.0,841
23,37,875.0,875
23,38,875.0,875
23,39,875.0,907
23,40,941.0,941
23,41,941.0,941
23,42,941.0,973
23,43,1007.0,1007
23,44,1007.0,1039
23,45,1007.0,1039
23,46,1073.0,1073
23,47,1073.0,1105
23,48,1073.0,1105
23,49,1139.0,1139
23,50,1139.0,1171
24,1,17.0,17
24,2,17.0,49
24,3,83.0,83
24,4,83.0,83
24,5,83.0,115
24,6,149.0,149
24,7,149.0,149
24,8,149.0,181
24,9,215.0,215
24,10,215.0,247
24,11,215.0,247
24,12,281.0,281
24,13,281.0,313
24,14,281.0,313
24,15,347.0,347
24,16,347.0,379
24,17,413.0,413
24,18,413.0,413
24,19,413.0,445
24,20,479.0,479
24,21,479.0,479
24,22,479.0,511
24,23,545.0,545
24,24,545.0,545
24,25,545.0,577
24,26,611.0,611
24,27,611.0,643
24,28,611.0,643
24,29,677.0,677
24,30,677.0,709
24,31,677.0,709
24,32,743.0,743
24,33,743.0,775
24,34,809.0,809
24,35,809.0,809
24,36,809.0,841
24,37,875.0,875
24,38,875.0,875
24,39,875.0,907
24,40,941.0,941
24,41,941.0,941
24,42,941.0,973
24,43,1007.0,1007
24,44,1007.0,1039
24,45,1007.0,1039
24,46,1073.0,1073
24,47,1073.0,1105
24,48,1073.0,1105
24,49,1139.0,1139
24,50,1139.0,1171
25,1,17.0,17
25,2,17.0,53
25,3,83.0,87
25,4,83.0,87
25,5,83.0,123
25,6,149.0,157
25,7,149.0,157
25,8,149.0,193
25,9,215.0,227
25,10,215.0,263
25,11,215.0,263
25,12,281.0,297
25,13,281.0,333
25,14,281.0,333
25,15,347.0,367
25,16,347.0,403
25,17,413.0,437
25,18,413.0,437
25,19,413.0,473
25,20,479.0,507
25,21,479.0,507
25,22,479.0,543
25,23,545.0,577
25,24,545.0,577
25,25,545.0,613
25,26,611.0,647
25,27,611.0,683
25,28,611.0,683
25,29,677.0,717
25,30,677.0,753
25,31,677.0,753
25,32,743.0,787
25,33,743.0,823
25,34,809.0,857
25,35,809.0,857
25,36,809.0,893
25,37,875.0,927
25,38,875.0,927
25,39,875.0,963
25,40,941.0,997
25,41,941.0,997
25,42,941.0,1033
25,43,1007.0,1067
25,44,1007.0,1103
25,45,1007.0,1103
25,46,1073.0,1137
25,47,1073.0,1173
25,48,1073.0,1173
25,49,1139.0,1207
25,50,1139.0,1243
26,1,19.0,19
26,2,19.0,55
26,3,93.0,93
26,4,93.0,93
26,5,93.0,129
26,6,167.0,167
26,7,167.0,167
26,8,167.0,203
26,9,241.0,241
26,10,241.0,277
26,11,241.0,277
26,12,315.0,315
26,13,315.0,351
26,14,315.0,351
26,15,389.0,389
26,16,389.0,425
26,17,463.0,463
26,18,463.0,463
26,19,463.0,499
26,20,537.0,537
26,21,537.0,537
26,22,537.0,573
26,23,611.0,611
26,24,611.0,611
26,25,611.0,647
26,26,685.0,685
26,27,685.0,721
26,28,685.0,721
26,29,759.0,759
26,30,759.0,795
26,31,759.0,795
26,32,833.0,833
26,33,833.0,869
26,34,907.0,907
26,35,907.0,907
26,36,907.0,943
26,37,981.0,981
26,38,981.0,981
26,39,981.0,1017
26,40,1055.0,1055
26,41,1055.0,1055
26,42,1055.0,1091
26,43,1129.0,1129
26,44,1129.0,1165
26,45,1129.0,1165
26,46,1203.0,1203
26,47,1203.0,1239
26,48,1203.0,1239
26,49,1277.0,1277
26,50,1277.0,1313
27,1,19.0,19
27,2,19.0,59
27,3,93.0,97
27,4,93.0,97
27,5,93.0,137
27,6,167.0,175
27,7,167.0,175
27,8,167.0,215
27,9,241.0,253
27,10,241.0,293
27,11,241.0,293
27,12,315.0,331
27,13,315.0,371
27,14,315.0,371
27,15,389.0,409
27,16,389.0,449
27,17,463.0,487
27,18,463.0,487
27,19,463.0,527
27,20,537.0,565
27,21,537.0,565
27,22,537.0,605
27,23,611.0,643
27,24,611.0,643
27,25,611.0,683
27,26,685.0,721
27,27,685.0,761
27,28,685.0,761
27,29,759.0,799
27,30,759.0,839
27,31,759.0,839
27,32,833.0,877
27,33,833.0,917
27,34,907.0,955
27,35,907.0,955
27,36,907.0,995
27,37,981.0,1033
27,38,981.0,1033
27,39,981.0,1073
27,40,1055.0,1111
27,41,1055.0,1111
27,42,1055.0,1151
27,43,1129.0,1189
27,44,1129.0,1229
27,45,1129.0,1229
27,46,1203.0,1267
27,47,1203.0,1307
27,48,1203.0,1307
27,49,1277.0,1345
27,50,1277.0,1385
28,1,19.0,19
28,2,19.0,59
28,3,93.0,97
28,4,93.0,97
28,5,93.0,137
28,6,167.0,175
28,7,167.0,175
28,8,167.0,215
28,9,241.0,253
28,10,241.0,293
28,11,241.0,293
28,12,315.0,331
28,13,315.0,371
28,14,315.0,371
28,15,389.0,409
28,16,389.0,449
28,17,463.0,487
28,18,463.0,487
28,19,463.0,527
28,20,537.0,565
28,21,537.0,565
28,22,537.0,605
28,23,611.0,643
28,24,611.0,643
28,25,611.0,683
28,26,685.0,721
28,27,685.0,761
28,28,685.0,761
28,29,759.0,799
28,30,759.0,839
28,31,759.0,839
28,32,833.0,877
28,33,833.0,917
28,34,907.0,955
28,35,907.0,955
28,36,907.0,995
28,37,981.0,1033
28,38,981.0,1033
28,39,981.0,1073
28,40,1055.0,1111
28,41,1055.0,1111
28,42,1055.0,1151
28,43,1129.0,1189
28,44,1129.0,1229
28,45,1129.0,1229
28,46,1203.0,1267
28,47,1203.0,1307
28,48,1203.0,1307
28,49,1277.0,1345
28,50,1277.0,1385
29,1,21.0,21
29,2,21.0,61
29,3,103.0,103
29,4,103.0,103
29,5,103.0,143
29,6,185.0,185
29,7,185.0,185
29,8,185.0,225
29,9,267.0,267
29,10,267.0,307
29,11,267.0,307
29,12,349.0,349
29,13,349.0,389
29,14,349.0,389
29,15,431.0,431
29,16,431.0,471
29,17,513.0,513
29,18,513.0,513
29,19,513.0,553
29,20,595.0,595
29,21,595.0,595
29,22,595.0,635
29,23,677.0,677
29,24,677.0,677
29,25,677.0,717
29,26,759.0,759
29,27,759.0,799
29,28,759.0,799
29,29,841.0,841
29,30,841.0,881
29,31,841.0,881
29,32,923.0,923
29,33,923.0,963
29,34,1005.0,1005
29,35,1005.0,1005
29,36,1005.0,1045
29,37,1087.0,1087
29,38,1087.0,1087
29,39,1087.0,1127
29,40,1169.0,1169
29,41,1169.0,1169
29,42,1169.0,1209
29,43,1251.0,1251
29,44,1251.0,1291
29,45,1251.0,1291
29,46,1333.0,1333
29,47,1333.0,1373
29,48,1333.0,1373
29,49,1415.0,1415
29,50,1415.0,1455
30,1,21.0,21
30,2,21.0,65
30,3,103.0,107
30,4,103.0,107
30,5,103.0,151
30,6,185.0,193
30,7,185.0,193
30,8,185.0,237
30,9,267.0,279
30,10,267.0,323
30,11,267.0,323
30,12,349.0,365
30,13,349.0,409
30,14,349.0,409
30,15,431.0,451
30,16,431.0,495
30,17,513.0,537
30,18,513.0,537
30,19,513.0,581
30,20,595.0,623
30,21,595.0,623
30,22,595.0,667
30,23,677.0,709
30,24,677.0,709
30,25,677.0,753
30,26,759.0,795
30,27,759.0,839
30,28,759.0,839
30,29,841.0,881
30,30,841.0,925
30,31,841.0,925
30,32,923.0,967
30,33,923.0,1011
30,34,1005.0,1053
30,35,1005.0,1053
30,36,1005.0,1097
30,37,1087.0,1139
30,38,1087.0,1139
30,39,1087.0,1183
30,40,1169.0,1225
30,41,1169.0,1225
30,42,1169.0,1269
30,43,1251.0,1311
30,44,1251.0,1355
30,45,1251.0,1355
30,46,1333.0,1397
30,47,1333.0,1441
30,48,1333.0,1441
30,49,1415.0,1483
30,50,1415.0,1527
31,1,21.0,21
31,2,21.0,65
31,3,103.0,107
31,4,103.0,107
31,5,103.0,151
31,6,185.0,193
31,7,185.0,193
31,8,185.0,237
31,9,267.0,279
31,10,267.0,323
31,11,267.0,323
31,12,349.0,365
31,13,349.0,409
31,14,349.0,409
31,15,431.0,451
31,16,431.0,495
31,17,513.0,537
31,18,513.0,537
31,19,513.0,581
31,20,595.0,623
31,21,595.0,623
31,22,595.0,667
31,23,677.0,709
31,24,677.0,709
31,25,677.0,753
31,26,759.0,795
31,27,759.0,839
31,28,759.0,839
31,29,841.0,881
31,30,841.0,925
31,31,841.0,925
31,32,923.0,967
31,33,923.0,1011
31,34,1005.0,1053
31,35,1005.0,1053
31,36,1005.0,1097
31,37,1087.0,1139
31,38,1087.0,1139
31,39,1087.0,1183
31,40,1169.0,1225
31,41,1169.0,1225
31,42,1169.0,1269
31,43,1251.0,1311
31,44,1251.0,1355
31,45,1251.0,1355
31,46,1333.0,1397
31,47,1333.0,1441
31,48,1333.0,1441
31,49,1415.0,1483
31,50,1415.0,1527
32,1,23.0,23
32,2,23.0,67
32,3,113.0,113
32,4,113.0,113
32,5,113.0,157
32,6,203.0,203
32,7,203.0,203
32,8,203.0,247
32,9,293.0,293
32,10,293.0,337
32,11,293.0,337
32,12,383.0,383
32,13,383.0,427
32,14,383.0,427
32,15,473.0,473
32,16,473.0,517
32,17,563.0,563
32,18,563.0,563
32,19,563.0,607
32,20,653.0,653
32,21,653.0,653
32,22,653.0,697
32,23,743.0,743
32,24,743.0,743
32,25,743.0,787
32,26,833.0,833
32,27,833.0,877
32,28,833.0,877
32,29,923.0,923
32,30,923.0,967
32,31,923.0,967
32,32,1013.0,1013
32,33,1013.0,1057
32,34,1103.0,1103
32,35,1103.0,1103
32,36,1103.0,1147
32,37,1193.0,1193
32,38,1193.0,1193
32,39,1193.0,1237
32,40,1283.0,1283
32,41,1283.0,1283
32,42,1283.0,1327
32,43,1373.0,1373
32,44,1373.0,1417
32,45,1373.0,1417
32,46,1463.0,1463
32,47,1463.0,1507
32,48,1463.0,1507
32,49,1553.0,1553
32,50,1553.0,1597
33,1,23.0,23
33,2,23.0,71
33,3,113.0,117
33,4,113.0,117
33,5,113.0,165
33,6,203.0,211
33,7,203.0,211
33,8,203.0,259
33,9,293.0,305
33,10,293.0,353
33,11,293.0,353
33,12,383.0,399
33,13,383.0,447
33,14,383.0,447
33,15,473.0,493
33,16,473.0,541
33,17,563.0,587
33,18,563.0,587
33,19,563.0,635
33,20,653.0,681
33,21,653.0,681
33,22,653.0,729
33,23,743.0,775
33,24,743.0,775
33,25,743.0,823
33,26,833.0,869
33,27,833.0,917
33,28,833.0,917
33,29,923.0,963
33,30,923.0,1011
33,31,923.0,1011
33,32,1013.0,1057
33,33,1013.0,1105
33,34,1103.0,1151
33,35,1103.0,1151
33,36,1103.0,1199
33,37,1193.0,1245
33,38,1193.0,1245
33,39,1193.0,1293
33,40,1283.0,1339
33,41,1283.0,1339
33,42,1283.0,1387
33,43,1373.0,1433
33,44,1373.0,1481
33,45,1373.0,1481
33,46,1463.0,1527
33,47,1463.0,1575
33,48,1463.0,1575
33,49,1553.0,1621
33,50,1553.0,1669
34,1,25.0,25
34,2,25.0,73
34,3,123.0,123
34,4,123.0,123
34,5,123.0,171
34,6,221.0,221
34,7,221.0,221
34,8,221.0,269
34,9,319.0,319
34,10,319.0,367
34,11,319.0,367
34,12,417.0,417
34,13,417.0,465
34,14,417.0,465
34,15,515.0,515
34,16,515.0,563
34,17,613.0,613
34,18,613.0,613
34,19,613.0,661
34,20,711.0,711
34,21,711.0,711
34,22,711.0,759
34,23,809.0,809
34,24,809.0,809
34,25,809.0,857
34,26,907.0,907
34,27,907.0,955
34,28,907.0,955
34,29,1005.0,1005
34,30,1005.0,1053
34,31,1005.0,1053
34,32,1103.0,1103
34,33,1103.0,1151
34,34,1201.0,1201
34,35,1201.0,1201
34,36,1201.0,1249
34,37,1299.0,1299
34,38,1299.0,1299
34,39,1299.0,1347
34,40,1397.0,1397
34,41,1397.0,1397
34,42,1397.0,1445
34,43,1495.0,1495
34,44,1495.0,1543
34,45,1495.0,1543
34,46,1593.0,1593
34,47,1593.0,1641
34,48,1593.0,1641
34,49,1691.0,1691
34,50,1691.0,1739
35,1,25.0,25
35,2,25.0,73
35,3,123.0,123
35,4,123.0,123
35,5,123.0,171
35,6,221.0,221
35,7,221.0,221
35,8,221.0,269
35,9,319.0,319
35,10,319.0,367
35,11,319.0,367
35,12,417.0,417
35,13,417.0,465
35,14,417.0,465
35,15,515.0,515
35,16,515.0,563
35,17,613.0,613
35,18,613.0,613
35,19,613.0,661
35,20,711.0,711
35,21,711.0,711
35,22,711.0,759
35,23,809.0,809
35,24,809.0,809
35,25,809.0,857
35,26,907.0,907
35,27,907.0,955
35,28,907.0,955
35,29,1005.0,1005
35,30,1005.0,1053
35,31,1005.0,1053
35,32,1103.0,1103
35,33,1103.0,1151
35,34,1201.0,1201
35,35,1201.0,1201
35,36,1201.0,1249
35,37,1299.0,1299
35,38,1299.0,1299
35,39,1299.0,1347
35,40,1397.0,1397
35,41,1397.0,1397
35,42,1397.0,1445
35,43,1495.0,1495
35,44,1495.0,1543
35,45,1495.0,1543
35,46,1593.0,1593
35,47,1593.0,1641
35,48,1593.0,1641
35,49,1691.0,1691
35,50,1691.0,1739
36,1,25.0,25
36,2,25.0,77
36,3,123.0,127
36,4,123.0,127
36,5,123.0,179
36,6,221.0,229
36,7,221.0,229
36,8,221.0,281
36,9,319.0,331
36,10,319.0,383
36,11,319.0,383
36,12,417.0,433
36,13,417.0,485
36,14,417.0,485
36,15,515.0,535
36,16,515.0,587
36,17,613.0,637
36,18,613.0,637
36,19,613.0,689
36,20,711.0,739
36,21,711.0,739
36,22,711.0,791
36,23,809.0,841
36,24,809.0,841
36,25,809.0,893
36,26,907.0,943
36,27,907.0,995
36,28,907.0,995
36,29,1005.0,1045
36,30,1005.0,1097
36,31,1005.0,1097
36,32,1103.0,1147
36,33,1103.0,1199
36,34,1201.0,1249
36,35,1201.0,1249
36,36,1201.0,1301
36,37,1299.0,1351
36,38,1299.0,1351
36,39,1299.0,1403
36,40,1397.0,1453
36,41,1397.0,1453
36,42,1397.0,1505
36,43,1495.0,1555
36,44,1495.0,1607
36,45,1495.0,1607
36,46,1593.0,1657
36,47,1593.0,1709
36,48,1593.0,1709
36,49,1691.0,1759
36,50,1691.0,1811
37,1,27.0,27
37,2,27.0,79
37,3,133.0,133
37,4,133.0,133
37,5,133.0,185
37,6,239.0,239
37,7,239.0,239
37,8,239.0,291
37,9,345.0,345
37,10,345.0,397
37,11,345.0,397
37,12,451.0,451
37,13,451.0,503
37,14,451.0,503
37,15,557.0,557
37,16,557.0,609
37,17,663.0,663
37,18,663.0,663
37,19,663.0,715
37,20,769.0,769
37,21,769.0,769
37,22,769.0,821
37,23,875.0,875
37,24,875.0,875
37,25,875.0,927
37,26,981.0,981
37,27,981.0,1033
37,28,981.0,1033
37,29,1087.0,1087
37,30,1087.0,1139
37,31,1087.0,1139
37,32,1193.0,1193
37,33,1193.0,1245
37,34,1299.0,1299
37,35,1299.0,1299
37,36,1299.0,1351
37,37,1405.0,1405
37,38,1405.0,1405
37,39,1405.0,1457
37,40,1511.0,1511
37,41,1511.0,1511
37,42,1511.0,1563
37,43,1617.0,1617
37,44,1617.0,1669
37,45,1617.0,1669
37,46,1723.0,1723
37,47,1723.0,1775
37,48,1723.0,1775
37,49,1829.0,1829
37,50,1829.0,1881
38,1,27.0,27
38,2,27.0,79
38,3,133.0,133
38,4,133.0,133
38,5,133.0,185
38,6,239.0,239
38,7,239.0,239
38,8,239.0,291
38,9,345.0,345
38,10,345.0,397
38,11,345.0,397
38,12,451.0,451
38,13,451.0,503
38,14,451.0,503
38,15,557.0,557
38,16,557.0,609
38,17,663.0,663
38,18,663.0,663
38,19,663.0,715
38,20,769.0,769
38,21,769.0,769
38,22,769.0,821
38,23,875.0,875
38,24,875.0,875
38,25,875.0,927
38,26,981.0,981
38,27,981.0,1033
38,28,981.0,1033
38,29,1087.0,1087
38,30,1087.0,1139
38,31,1087.0,1139
38,32,1193.0,1193
38,33,1193.0,1245
38,34,1299.0,1299
38,35,1299.0,1299
38,36,1299.0,1351
38,37,1405.0,1405
38,38,1405.0,1405
38,39,1405.0,1457
38,40,1511.0,1511
38,41,1511.0,1511
38,42,1511.0,1563
38,43,1617.0,1617
38,44,1617.0,1669
38,45,1617.0,1669
38,46,1723.0,1723
38,47,1723.0,1775
38,48,1723.0,1775
38,49,1829.0,1829
38,50,1829.0,1881
39,1,27.0,27
39,2,27.0,83
39,3,133.0,137
39,4,133.0,137
39,5,133.0,193
39,6,239.0,247
39,7,239.0,247
39,8,239.0,303
39,9,345.0,357
39,10,345.0,413
39,11,345.0,413
39,12,451.0,467
39,13,451.0,523
39,14,451.0,523
39,15,557.0,577
39,16,557.0,633
39,17,663.0,687
39,18,663.0,687
39,19,663.0,743
39,20,769.0,797
39,21,769.0,797
39,22,769.0,853
39,23,875.0,907
39,24,875.0,907
39,25,875.0,963
39,26,981.0,1017
39,27,981.0,1073
39,28,981.0,1073
39,29,1087.0,1127
39,30,1087.0,1183
39,31,1087.0,1183
39,32,1193.0,1237
39,33,1193.0,1293
39,34,1299.0,1347
39,35,1299.0,1347
39,36,1299.0,1403
39,37,1405.0,1457
39,38,1405.0,1457
39,39,1405.0,1513
39,40,1511.0,1567
39,41,1511.0,1567
39,42,1511.0,1623
39,43,1617.0,1677
39,44,1617.0,1733
39,45,1617.0,1733
39,46,1723.0,1787
39,47,1723.0,1843
39,48,1723.0,1843
39,49,1829.0,1897
39,50,1829.0,1953
40,1,29.0,29
40,2,29.0,85
40,3,143.0,143
40,4,143.0,143
40,5,143.0,199
40,6,257.0,257
40,7,257.0,257
40,8,257.0,313
40,9,371.0,371
40,10,371.0,427
40,11,371.0,427
40,12,485.0,485
40,13,485.0,541
40,14,485.0,541
40,15,599.0,599
40,16,599.0,655
40,17,713.0,713
40,18,713.0,713
40,19,713.0,769
40,20,827.0,827
40,21,827.0,827
40,22,827.0,883
40,23,941.0,941
40,24,941.0,941
40,25,941.0,997
40,26,1055.0,1055
40,27,1055.0,1111
40,28,1055.0,1111
40,29,1169.0,1169
40,30,1169.0,1225
40,31,1169.0,1225
40,32,1283.0,1283
40,33,1283.0,1339
40,34,1397.0,1397
40,35,1397.0,1397
40,36,1397.0,1453
40,37,1511.0,1511
40,38,1511.0,1511
40,39,1511.0,1567
40,40,1625.0,1625
40,41,1625.0,1625
40,42,1625.0,1681
40,43,1739.0,1739
40,44,1739.0,1795
40,45,1739.0,1795
40,46,1853.0,1853
40,47,1853.0,1909
40,48,1853.0,1909
40,49,1967.0,1967
40,50,1967.0,2023
41,1,29.0,29
41,2,29.0,85
41,3,143.0,143
41,4,143.0,143
41,5,143.0,199
41,6,257.0,257
41,7,257.0,257
41,8,257.0,313
41,9,371.0,371
41,10,371.0,427
41,11,371.0,427
41,12,485.0,485
41,13,485.0,541
41,14,485.0,541
41,15,599.0,599
41,16,599.0,655
41,17,713.0,713
41,18,713.0,713
41,19,713.0,769
41,20,827.0,827
41,21,827.0,827
41,22,827.0,883
41,23,941.0,941
41,24,941.0,941
41,25,941.0,997
41,26,1055.0,1055
41,27,1055.0,1111
41,28,1055.0,1111
41,29,1169.0,1169
41,30,1169.0,1225
41,31,1169.0,1225
41,32,1283.0,1283
41,33,1283.0,1339
41,34,1397.0,1397
41,35,1397.0,1397
41,36,1397.0,1453
41,37,1511.0,1511
41,38,1511.0,1511
41,39,1511.0,1567
41,40,1625.0,1625
41,41,1625.0,1625
41,42,1625.0,1681
41,43,1739.0,1739
41,44,1739.0,1795
41,45,1739.0,1795
41,46,1853.0,1853
41,47,1853.0,1909
41,48,1853.0,1909
41,49,1967.0,1967
41,50,1967.0,2023
42,1,29.0,29
42,2,29.0,89
42,3,143.0,147
42,4,143.0,147
42,5,143.0,207
42,6,257.0,265
42,7,257.0,265
42,8,257.0,325
42,9,371.0,383
42,10,371.0,443
42,11,371.0,443
42,12,485.0,501
42,13,485.0,561
42,14,485.0,561
42,15,599.0,619
42,16,599.0,679
42,17,713.0,737
42,18,713.0,737
42,19,713.0,797
42,20,827.0,855
42,21,827.0,855
42,22,827.0,915
42,23,941.0,973
42,24,941.0,973
42,25,941.0,1033
42,26,1055.0,1091
42,27,1055.0,1151
42,28,1055.0,1151
42,29,1169.0,1209
42,30,1169.0,1269
42,31,1169.0,1269
42,32,1283.0,1327
42,33,1283.0,1387
42,34,1397.0,1445
42,35,1397.0,1445
42,36,1397.0,1505
42,37,1511.0,1563
42,38,1511.0,1563
42,39,1511.0,1623
42,40,1625.0,1681
42,41,1625.0,1681
42,42,1625.0,1741
42,43,1739.0,1799
42,44,1739.0,1859
42,45,1739.0,1859
42,46,1853.0,1917
42,47,1853.0,1977
42,48,1853.0,1977
42,49,1967.0,2035
42,50,1967.0,2095
43,1,31.0,31
43,2,31.0,91
43,3,153.0,153
43,4,153.0,153
43,5,153.0,213
43,6,275.0,275
43,7,275.0,275
43,8,275.0,335
43,9,397.0,397
43,10,397.0,457
43,11,397.0,457
43,12,519.0,519
43,13,519.0,579
43,14,519.0,579
43,15,641.0,641
43,16,641.0,701
43,17,763.0,763
43,18,763.0,763
43,19,763.0,823
43,20,885.0,885
43,21,885.0,885
43,22,885.0,945
43,23,1007.0,1007
43,24,1007.0,1007
43,25,1007.0,1067
43,26,1129.0,1129
43,27,1129.0,1189
43,28,1129.0,1189
43,29,1251.0,1251
43,30,1251.0,1311
43,31,1251.0,1311
43,32,1373.0,1373
43,33,1373.0,1433
43,34,1495.0,1495
43,35,1495.0,1495
43,36,1495.0,1555
43,37,1617.0,1617
43,38,1617.0,1617
43,39,1617.0,1677
43,40,1739.0,1739
43,41,1739.0,1739
43,42,1739.0,1799
43,43,1861.0,1861
43,44,1861.0,1921
43,45,1861.0,1921
43,46,1983.0,1983
43,47,1983.0,2043
43,48,1983.0,2043
43,49,2105.0,2105
43,50,2105.0,2165
44,1,31.0,31
44,2,31.0,95
44,3,153.0,157
44,4,153.0,157
44,5,153.0,221
44,6,275.0,283
44,7,275.0,283
44,8,275.0,347
44,9,397.0,409
44,10,397.0,473
44,11,397.0,473
44,12,519.0,535
44,13,519.0,599
44,14,519.0,599
44,15,641.0,661
44,16,641.0,725
44,17,763.0,787
44,18,763.0,787
44,19,763.0,851
44,20,885.0,913
44,21,885.0,913
44,22,885.0,977
44,23,1007.0,1039
44,24,1007.0,1039
44,25,1007.0,1103
44,26,1129.0,1165
44,27,1129.0,1229
44,28,1129.0,1229
44,29,1251.0,1291
44,30,1251.0,1355
44,31,1251.0,1355
44,32,1373.0,1417
44,33,1373.0,1481
44,34,1495.0,1543
44,35,1495.0,1543
44,36,1495.0,1607
44,37,1617.0,1669
44,38,1617.0,1669
44,39,1617.0,1733
44,40,1739.0,1795
44,41,1739.0,1795
44,42,1739.0,1859
44,43,1861.0,1921
44,44,1861.0,1985
44,45,1861.0,1985
44,46,1983.0,2047
44,47,1983.0,2111
44,48,1983.0,2111
44,49,2105.0,2173
44,50,2105.0,2237
45,1,31.0,31
45,2,31.0,95
45,3,153.0,157
45,4,153.0,157
45,5,153.0,221
45,6,275.0,283
45,7,275.0,283
45,8,275.0,347
45,9,397.0,409
45,10,397.0,473
45,11,397.0,473
45,12,519.0,535
45,13,519.0,599
45,14,519.0,599
45,15,641.0,661
45,16,641.0,725
45,17,763.0,787
45,18,763.0,787
45,19,763.0,851
45,20,885.0,913
45,21,885.0,913
45,22,885.0,977
45,23,1007.0,1039
45,24,1007.0,1039
45,25,1007.0,1103
45,26,1129.0,1165
45,27,1129.0,1229
45,28,1129.0,1229
45,29,1251.0,1291
45,30,1251.0,1355
45,31,1251.0,1355
45,32,1373.0,1417
45,33,1373.0,1481
45,34,1495.0,1543
45,35,1495.0,1543
45,36,1495.0,1607
45,37,1617.0,1669
45,38,1617.0,1669
45,39,1617.0,1733
45,40,1739.0,1795
45,41,1739.0,1795
45,42,1739.0,1859
45,43,1861.0,1921
45,44,1861.0,1985
45,45,1861.0,1985
45,46,1983.0,2047
45,47,1983.0,2111
45,48,1983.0,2111
45,49,2105.0,2173
45,50,2105.0,2237
46,1,33.0,33
46,2,33.0,97
46,3,163.0,163
46,4,163.0,163
46,5,163.0,227
46,6,293.0,293
46,7,293.0,293
46,8,293.0,357
46,9,423.0,423
46,10,423.0,487
46,11,423.0,487
46,12,553.0,553
46,13,553.0,617
46,14,553.0,617
46,15,683.0,683
46,16,683.0,747
46,17,813.0,813
46,18,813.0,813
46,19,813.0,877
46,20,943.0,943
46,21,943.0,943
46,22,943.0,1007
46,23,1073.0,1073
46,24,1073.0,1073
46,25,1073.0,1137
46,26,1203.0,1203
46,27,1203.0,1267
46,28,1203.0,1267
46,29,1333.0,1333
46,30,1333.0,1397
46,31,1333.0,1397
46,32,1463.0,1463
46,33,1463.0,1527
46,34,1593.0,1593
46,35,1593.0,1593
46,36,1593.0,1657
46,37,1723.0,1723
46,38,1723.0,1723
46,39,1723.0,1787
46,40,1853.0,1853
46,41,1853.0,1853
46,42,1853.0,1917
46,43,1983.0,1983
46,44,1983.0,2047
46,45,1983.0,2047
46,46,2113.0,2113
46,47,2113.0,2177
46,48,2113.0,2177
46,49,2243.0,2243
46,50,2243.0,2307
47,1,33.0,33
47,2,33.0,101
47,3,163.0,167
47,4,163.0,167
47,5,163.0,235
47,6,293.0,301
47,7,293.0,301
47,8,293.0,369
47,9,423.0,435
47,10,423.0,503
47,11,423.0,503
47,12,553.0,569
47,13,553.0,637
47,14,553.0,637
47,15,683.0,703
47,16,683.0,771
47,17,813.0,837
47,18,813.0,837
47,19,813.0,905
47,20,943.0,971
47,21,943.0,971
47,22,943.0,1039
47,23,1073.0,1105
47,24,1073.0,1105
47,25,1073.0,1173
47,26,1203.0,1239
47,27,1203.0,1307
47,28,1203.0,1307
47,29,1333.0,1373
47,30,1333.0,1441
47,31,1333.0,1441
47,32,1463.0,1507
47,33,1463.0,1575
47,34,1593.0,1641
47,35,1593.0,1641
47,36,1593.0,1709
47,37,1723.0,1775
47,38,1723.0,1775
47,39,1723.0,1843
47,40,1853.0,1909
47,41,1853.0,1909
47,42,1853.0,1977
47,43,1983.0,2043
47,44,1983.0,2111
47,45,1983.0,2111
47,46,2113.0,2177
47,47,2113.0,2245
47,48,2113.0,2245
47,49,2243.0,2311
47,50,2243.0,2379
48,1,33.0,33
48,2,33.0,101
48,3,163.0,167
48,4,163.0,167
48,5,163.0,235
48,6,293.0,301
48,7,293.0,301
48,8,293.0,369
48,9,423.0,435
48,10,423.0,503
48,11,423.0,503
48,12,553.0,569
48,13,553.0,637
48,14,553.0,637
48,15,683.0,703
48,16,683.0,771
48,17,813.0,837
48,18,813.0,837
48,19,813.0,905
48,20,943.0,971
48,21,943.0,971
48,22,943.0,1039
48,23,1073.0,1105
48,24,1073.0,1105
48,25,1073.0,1173
48,26,1203.0,1239
48,27,1203.0,1307
48,28,1203.0,1307
48,29,1333.0,1373
48,30,1333.0,1441
48,31,1333.0,1441
48,32,1463.0,1507
48,33,1463.0,1575
48,34,1593.0,1641
48,35,1593.0,1641
48,36,1593.0,1709
48,37,1723.0,1775
48,38,1723.0,1775
48,39,1723.0,1843
48,40,1853.0,1909
48,41,1853.0,1909
48,42,1853.0,1977
48,43,1983.0,2043
48,44,1983.0,2111
48,45,1983.0,2111
48,46,2113.0,2177
48,47,2113.0,2245
48,48,2113.0,2245
48,49,2243.0,2311
48,50,2243.0,2379
49,1,35.0,35
49,2,35.0,103
49,3,173.0,173
49,4,173.0,173
49,5,173.0,241
49,6,311.0,311
49,7,311.0,311
49,8,311.0,379
49,9,449.0,449
49,10,449.0,517
49,11,449.0,517
49,12,587.0,587
49,13,587.0,655
49,14,587.0,655
49,15,725.0,725
49,16,725.0,793
49,17,863.0,863
49,18,863.0,863
49,19,863.0,931
49,20,1001.0,1001
49,21,1001.0,1001
49,22,1001.0,1069
49,23,1139.0,1139
49,24,1139.0,1139
49,25,1139.0,1207
49,26,1277.0,1277
49,27,1277.0,1345
49,28,1277.0,1345
49,29,1415.0,1415
49,30,1415.0,1483
49,31,1415.0,1483
49,32,1553.0,1553
49,33,1553.0,1621
49,34,1691.0,1691
49,35,1691.0,1691
49,36,1691.0,1759
49,37,1829.0,1829
49,38,1829.0,1829
49,39,1829.0,1897
49,40,1967.0,1967
49,41,1967.0,1967
49,42,1967.0,2035
49,43,2105.0,2105
49,44,2105.0,2173
49,45,2105.0,2173
49,46,2243.0,2243
49,47,2243.0,2311
49,48,2243.0,2311
49,49,2381.0,2381
49,50,2381.0,2449
50,1,35.0,35
50,2,35.0,107
50,3,173.0,177
50,4,173.0,177
50,5,173.0,249
50,6,311.0,319
50,7,311.0,319
50,8,311.0,391
50,9,449.0,461
50,10,449.0,533
50,11,449.0,533
50,12,587.0,603
50,13,587.0,675
50,14,587.0,675
50,15,725.0,745
50,16,725.0,817
50,17,863.0,887
50,18,863.0,887
50,19,863.0,959
50,20,1001.0,1029
50,21,1001.0,1029
50,22,1001.0,1101
50,23,1139.0,1171
50,24,1139.0,1171
50,25,1139.0,1243
50,26,1277.0,1313
50,27,1277.0,1385
50,28,1277.0,1385
50,29,1415.0,1455
50,30,1415.0,1527
50,31,1415.0,1527
50,32,1553.0,1597
50,33,1553.0,1669
50,34,1691.0,1739
50,35,1691.0,1739
50,36,1691.0,1811
50,37,1829.0,1881
50,38,1829.0,1881
50,39,1829.0,1953
50,40,1967.0,2023
50,41,1967.0,2023
50,42,1967.0,2095
50,43,2105.0,2165
50,44,2105.0,2237
50,45,2105.0,2237
50,46,2243.0,2307
50,47,2243.0,2379
50,48,2243.0,2379
50,49,2381.0,2449
50,50,2381.0,2521
